code clinic;Category treatments;Sub-category treatment;searched treatment;Price;pack info 1;pack info 2;pack info 3;pack info 4
44;Greffe Capilaire;greffe de cheveux;Technique FUE;2 500 €;Technique FUE / MAX 4000 grafts;3 nuits / hotel 4 *;Transfert voiture;Equipe multilingue
44;Greffe Capilaire;greffe de cheveux;Technique FUE;3 500 €;Technique FUE / MAX 4000 grafts;3 nuits / hotel 4 *;Transfert voiture;Equipe multilingue
44;Greffe Capilaire;greffe de cheveux;Technique Dhi;4 000 €;Technique Dhi / MAX 4000 grafts;3 nuits / hotel 4 *;Transfert voiture;Equipe multilingue
17;;;Abdominal Etching;à parti de 3294 €;;;;
17;;;Lifting du corps;à parti de 3115 €;;;;
17;;;Révision d'implants mammaires;à parti de 3462 €;;;;
17;;;Augmentation mammaire;à parti de 3462 €;;;;
17;;;Lifting mammaire;à parti de 2755 €;;;;
17;;;Réduction mammaire;à parti de 2971 €;;;;
17;;;Lifting des sourcils;à parti de 2635 €;;;;
17;;;Lifting des fesses;à parti de 2575 €;;;;
17;;;Blépharoplastie;à parti de 1977 €;;;;
17;;;Lifting du visage;à parti de 2995 €;;;;
17;;;Lipofilling;à parti de 2575 €;;;;
17;;;Gynécomastie;à parti de 2396 €;;;;
17;;;Liposuccion;à parti de 2575 €;;;;
17;;;Mommy Makeover;à parti de 3115 €;;;;
17;;;Lifting du cou;à parti de 2635 €;;;;
17;;;Rhinoplastie;à parti de 2635 €;;;;
17;;;Abdominoplastie;à parti de 3115 €;;;;
17;;;Liposuccion Vaser;à parti de 2995 €;;;;
2;;;Abdominal Etching;à parti de 2500 €;;;;
2;;;Réduction de l'aréole;à parti de 2000 €;;;;
2;;;Lifting des bras;à parti de 2000 €;;;;
2;;;Ombilicoplastie;à parti de 1500 €;;;;
2;;;Lifting du corps;à parti de 3000 €;;;;
2;;;Lifting du corps;à parti de 1500 €;;;;
2;;;Bodylift inférieur;à parti de 1500 €;;;;
2;;;Bodylift supérieur;à parti de 1500 €;;;;
2;;;Lifting du dos;à parti de 1500 €;;;;
2;;;Révision d'implants mammaires;à parti de 2000 €;;;;
2;;;Augmentation mammaire;à parti de 2000 €;;;;
2;;;Lifting mammaire;à parti de 2000 €;;;;
2;;;Reconstruction mammaire;à parti de 2500 €;;;;
2;;;Réduction mammaire;à parti de 2000 €;;;;
2;;;Lifting des sourcils;à parti de 1500 €;;;;
2;;;Réduction des Boules de Bichat;à parti de 800 €;;;;
2;;;Liposuccion de la bosse du bison;à parti de 1500 €;;;;
2;;;Liposuccion des fesses;à parti de 1500 €;;;;
2;;;Création de fossettes;à parti de 800 €;;;;
2;;;Blépharoplastie;à parti de 1000 €;;;;
2;;;Blépharoplastie asiatique;à parti de 1000 €;;;;
2;;;Lifting des yeux;à parti de 1000 €;;;;
2;;;Lifting du visage;à parti de 2000 €;;;;
2;;;Lifting endoscopique du visage;à parti de 2000 €;;;;
2;;;Mini lifting du visage;à parti de 2000 €;;;;
2;;;Lipofilling;à parti de 2000 €;;;;
2;;;Labiaplastie;à parti de 1500 €;;;;
2;;;Gynécomastie;à parti de 1500 €;;;;
2;;;Hyménoplastie;à parti de 1000 €;;;;
2;;;Mamelon ombiliqué;à parti de 1000 €;;;;
2;;;Laser de réjuvénation vaginale;à parti de 1500 €;;;;
2;;;Réduction des lèvres;à parti de 1500 €;;;;
2;;;Liposuccion;à parti de 1500 €;;;;
2;;;Liposuccion des bras;à parti de 1000 €;;;;
2;;;Liposuccion du dos;à parti de 1000 €;;;;
2;;;Liposuccion assistée par jet d'eau;à parti de 1000 €;;;;
2;;;Liposuccion mammaire;à parti de 1000 €;;;;
2;;;Liposuccion des genoux;à parti de 1000 €;;;;
2;;;Lipolyse laser;à parti de 1000 €;;;;
2;;;Liposuccion du cou;à parti de 1000 €;;;;
2;;;Liposuccion des cuisses;à parti de 1000 €;;;;
2;;;Liposuccion tumescente;à parti de 1000 €;;;;
2;;;Mommy Makeover;à parti de 3000 €;;;;
2;;;Lifting du cou;à parti de 2000 €;;;;
2;;;Réduction des mamelons;à parti de 2000 €;;;;
2;;;Otoplastie;à parti de 1000 €;;;;
2;;;Augmentation des pectoraux;à parti de 2000 €;;;;
2;;;Rhinoplastie;à parti de 2000 €;;;;
2;;;Rhinoplastie narines;à parti de 2000 €;;;;
2;;;Rhinoplastie fermée;à parti de 2000 €;;;;
2;;;Rhinoplastie ouverte;à parti de 2000 €;;;;
2;;;Lifting des cuisses;à parti de 2000 €;;;;
2;;;Abdominoplastie;à parti de 2500 €;;;;
2;;;Abdominoplastie complète;à parti de 2500 €;;;;
2;;;Lipoabdominoplastie;à parti de 2500 €;;;;
2;;;Mini-abdominoplastie;à parti de 2500 €;;;;
2;;;Vaginoplastie;à parti de 1500 €;;;;
2;;;Liposuccion Vaser;à parti de 2000 €;;;;
2;;;Septoplastie;à parti de 1500 €;;;;
3;;;Réduction de l'aréole;à parti de 958 €;;;;
3;;;Lifting des bras;à parti de 2096 €;;;;
3;;;Lifting brésilien BBL;à parti de 2755 €;;;;
3;;;Ombilicoplastie;à parti de 958 €;;;;
3;;;Lifting du corps;à parti de 1198 €;;;;
3;;;Lifting du corps;à parti de 5770 €;;;;
3;;;Bodylift inférieur;à parti de 1198 €;;;;
3;;;Bodylift supérieur;à parti de 1198 €;;;;
3;;;Révision d'implants mammaires;à parti de 1797 €;;;;
3;;;Augmentation mammaire;à parti de 2456 €;;;;
3;;;Lifting mammaire;à parti de 2396 €;;;;
3;;;Reconstruction mammaire;à parti de 1797 €;;;;
3;;;Réduction mammaire;à parti de 2456 €;;;;
3;;;Lifting des sourcils;à parti de 479 €;;;;
3;;;Réduction des Boules de Bichat;à parti de 359 €;;;;
3;;;Augmentation des fesses par prothèses;à parti de 1557 €;;;;
3;;;Lifting des fesses;à parti de 2396 €;;;;
3;;;Liposuccion des fesses;à parti de 2396 €;;;;
3;;;Blépharoplastie;à parti de 1677 €;;;;
3;;;Blépharoplastie asiatique;à parti de 599 €;;;;
3;;;Blépharoplastie;à parti de 1198 €;;;;
3;;;Lifting des yeux;à parti de 1198 €;;;;
3;;;Lifting du visage;à parti de 2815 €;;;;
3;;;Mini lifting du visage;à parti de 2396 €;;;;
3;;;Lipofilling;à parti de 240 €;;;;
3;;;Gynécomastie;à parti de 2096 €;;;;
3;;;Hyménoplastie;à parti de 599 €;;;;
3;;;Labiaplastie;à parti de 1797 €;;;;
3;;;Liposuccion;à parti de 2096 €;;;;
3;;;Liposuccion des bras;à parti de 1198 €;;;;
3;;;Liposuccion du dos;à parti de 958 €;;;;
3;;;Liposuccion assistée par jet d'eau;à parti de 1198 €;;;;
3;;;Liposuccion mammaire;à parti de 599 €;;;;
3;;;Lipolyse laser;à parti de 599 €;;;;
3;;;Liposuccion du cou;à parti de 599 €;;;;
3;;;Liposuccion des cuisses;à parti de 1198 €;;;;
3;;;Liposuccion tumescente;à parti de 599 €;;;;
3;;;Mommy Makeover;à parti de 4328 €;;;;
3;;;Lifting du cou;à parti de 2815 €;;;;
3;;;Otoplastie;à parti de 599 €;;;;
3;;;Rhinoplastie;à parti de 2096 €;;;;
3;;;Rhinoplastie narines;à parti de 599 €;;;;
3;;;Rhinoplastie fermée;à parti de 1198 €;;;;
3;;;Rhinoplastie;à parti de 1198 €;;;;
3;;;Rhinoplastie ouverte;à parti de 1198 €;;;;
3;;;Lifting des cuisses;à parti de 2336 €;;;;
3;;;Abdominoplastie;à parti de 2516 €;;;;
3;;;Abdominoplastie complète;à parti de 1198 €;;;;
3;;;Lipoabdominoplastie;à parti de 2695 €;;;;
3;;;Mini-abdominoplastie;à parti de 1198 €;;;;
3;;;Vaginoplastie;à parti de 1198 €;;;;
3;;;Hollywood Smile;à parti de 2396 €;;;;
3;;;Liposuccion Vaser;à parti de 2096 €;;;;
3;;;Abaissement de la ligne frontale;à parti de 1198 €;;;;
3;;;Ballon gastrique;à parti de 1198 €;;;;
3;;;Bypass gastrique;à parti de 2995 €;;;;
3;;;Sleeve gastrectomie;à parti de 1198 €;;;;
3;;;Septoplastie;à parti de 1437 €;;;;
3;;;Suppression des taches brunes;à parti de 240 €;;;;
3;;;Remplacement de la hanche;à parti de 4792 €;;;;
3;;;Remplacement du genou;à parti de 3594 €;;;;
3;;;Doigt à ressaut;à parti de 599 €;;;;
5;;;Lifting des bras;à parti de 2012 €;;;;
5;;;Lifting du corps;à parti de 3725 €;;;;
5;;;Révision d'implants mammaires;à parti de 3115 €;;;;
5;;;Augmentation mammaire;à parti de 2516 €;;;;
5;;;Lifting mammaire;à parti de 2516 €;;;;
5;;;Réduction mammaire;à parti de 2516 €;;;;
5;;;Blépharoplastie;à parti de 1509 €;;;;
5;;;Lifting du visage;à parti de 3324 €;;;;
5;;;Labiaplastie;à parti de 2012 €;;;;
5;;;Labiaplastie;à parti de 2318 €;;;;
5;;;Labiaplastie;à parti de 2264 €;;;;
5;;;Gynécomastie;à parti de 2318 €;;;;
5;;;Liposuccion;à parti de 2012 €;;;;
5;;;Mommy Makeover;à parti de 6037 €;;;;
5;;;Lifting du cou;à parti de 1917 €;;;;
5;;;Otoplastie;à parti de 1917 €;;;;
5;;;Rhinoplastie;à parti de 2516 €;;;;
5;;;Rhinoplastie fermée;à parti de 2516 €;;;;
5;;;Rhinoplastie;à parti de 1665 €;;;;
5;;;Rhinoplastie ouverte;à parti de 2516 €;;;;
5;;;Lifting des cuisses;à parti de 2516 €;;;;
5;;;Abdominoplastie;à parti de 2114 €;;;;
5;;;Abdominoplastie complète;à parti de 4528 €;;;;
5;;;Lipoabdominoplastie;à parti de 3115 €;;;;
5;;;Mini-abdominoplastie;à parti de 2114 €;;;;
5;;;Vaginoplastie;à parti de 2264 €;;;;
5;;;Liposuccion Vaser;à parti de 2012 €;;;;
5;;;Ballon gastrique;à parti de 2264 €;;;;
5;;;Bypass gastrique;à parti de 4432 €;;;;
5;;;Septoplastie;à parti de 1665 €;;;;
30;;;Lifting brésilien BBL;à parti de 2635 €;;;;
30;;;Lifting du corps;à parti de 2995 €;;;;
30;;;Lifting du corps;à parti de 4193 €;;;;
30;;;Bodylift inférieur;à parti de 2995 €;;;;
30;;;Bodylift supérieur;à parti de 2995 €;;;;
30;;;Révision d'implants mammaires;à parti de 4193 €;;;;
30;;;Augmentation mammaire;à parti de 2995 €;;;;
30;;;Lifting mammaire;à parti de 2755 €;;;;
30;;;Liposuccion;à parti de 2396 €;;;;
30;;;Mommy Makeover;à parti de 5989 €;;;;
30;;;Rhinoplastie;à parti de 2396 €;;;;
30;;;Abdominoplastie;à parti de 2995 €;;;;
30;;;Abdominoplastie complète;à parti de 2995 €;;;;
27;;;Lifting brésilien BBL;à parti de 2700 €;;;;
27;;;Lifting du corps;à parti de 4400 €;;;;
27;;;Bodylift inférieur;à parti de 2950 €;;;;
27;;;Bodylift supérieur;à parti de 2950 €;;;;
27;;;Révision d'implants mammaires;à parti de 3400 €;;;;
27;;;Augmentation mammaire;à parti de 3000 €;;;;
27;;;Lifting mammaire;à parti de 2950 €;;;;
27;;;Réduction mammaire;à parti de 2950 €;;;;
27;;;Liposuccion;à parti de 2400 €;;;;
27;;;Mommy Makeover;à parti de 5300 €;;;;
27;;;Rhinoplastie;à parti de 2350 €;;;;
27;;;Abdominoplastie;à parti de 2950 €;;;;
27;;;Abdominoplastie complète;à parti de 2950 €;;;;
27;;;Liposuccion Vaser;à parti de 2950 €;;;;
23;;;Lifting des bras;à parti de 2000 €;;;;
23;;;Lifting brésilien BBL;à parti de 3000 €;;;;
23;;;Augmentation mammaire;à parti de 3000 €;;;;
23;;;Lifting mammaire;à parti de 2600 €;;;;
23;;;Réduction mammaire;à parti de 3000 €;;;;
23;;;Lifting des sourcils;à parti de 1800 €;;;;
23;;;Réduction des Boules de Bichat;à parti de 1200 €;;;;
23;;;Implants de mollets;à parti de 2500 €;;;;
23;;;Blépharoplastie;à parti de 2000 €;;;;
23;;;Lifting des yeux;à parti de 1800 €;;;;
23;;;Lifting du visage;à parti de 4000 €;;;;
23;;;Mini lifting du visage;à parti de 3000 €;;;;
23;;;Liposuccion;à parti de 1600 €;;;;
23;;;Rhinoplastie;à parti de 2900 €;;;;
23;;;Rhinoplastie fermée;à parti de 2900 €;;;;
23;;;Vaginoplastie;à parti de 2000 €;;;;
28;;;Lifting des bras;à parti de 1600 €;;;;
28;;;Augmentation mammaire;à parti de 2200 €;;;;
28;;;Lifting mammaire;à parti de 1700 €;;;;
28;;;Réduction mammaire;à parti de 1700 €;;;;
28;;;Réduction des Boules de Bichat;à parti de 1000 €;;;;
28;;;Blépharoplastie;à parti de 1200 €;;;;
28;;;Lifting du visage;à parti de 6000 €;;;;
28;;;Gynécomastie;à parti de 1300 €;;;;
28;;;Liposuccion;à parti de 1500 €;;;;
28;;;Mommy Makeover;à parti de 4000 €;;;;
28;;;Otoplastie;à parti de 1200 €;;;;
28;;;Rhinoplastie;à parti de 1600 €;;;;
28;;;Abdominoplastie;à parti de 2300 €;;;;
28;;;Liposuccion Vaser;à parti de 1800 €;;;;
38;;;Lifting des bras;à parti de 2400 €;;;;
38;;;Lifting mammaire;à parti de 2300 €;;;;
38;;;Réduction mammaire;à parti de 3100 €;;;;
38;;;Lifting endoscopique du visage;à parti de 5400 €;;;;
38;;;Gynécomastie;à parti de 2000 €;;;;
38;;;Rhinoplastie ouverte;à parti de 2400 €;;;;
38;;;Abdominoplastie;à parti de 2900 €;;;;
38;;;Abdominoplastie complète;à parti de 2900 €;;;;
38;;;Lipoabdominoplastie;à parti de 2900 €;;;;
38;;;Liposuccion Vaser;à parti de 1600 €;;;;
4;;;Abdominal Etching;Jusqu'à 2724 €;;;;
4;;;Lifting des bras;Jusqu'à 2216 €;;;;
4;;;Lifting brésilien BBL;Jusqu'à 3810 €;;;;
4;;;Ombilicoplastie;Jusqu'à 1165 €;;;;
4;;;Lifting du corps;Jusqu'à 5562 €;;;;
4;;;Lifting du corps;Jusqu'à 6570 €;;;;
4;;;Bodylift inférieur;Jusqu'à 4651 €;;;;
4;;;Bodylift supérieur;Jusqu'à 3775 €;;;;
4;;;Lifting du dos;Jusqu'à 2742 €;;;;
4;;;Révision d'implants mammaires;Jusqu'à 4126 €;;;;
4;;;Augmentation mammaire;Jusqu'à 3986 €;;;;
4;;;Lifting mammaire;Jusqu'à 3986 €;;;;
4;;;Réduction mammaire;Jusqu'à 4126 €;;;;
4;;;Augmentation du menton;Jusqu'à 2899 €;;;;
4;;;Blépharoplastie;Jusqu'à 1323 €;;;;
4;;;Blépharoplastie asiatique;Jusqu'à 1866 €;;;;
4;;;Blépharoplastie;Jusqu'à 1866 €;;;;
4;;;Lifting des yeux;Jusqu'à 1866 €;;;;
4;;;Lifting du visage;Jusqu'à 4371 €;;;;
4;;;Lifting endoscopique du visage;Jusqu'à 3110 €;;;;
4;;;Mini lifting du visage;Jusqu'à 3600 €;;;;
4;;;Lipofilling;Jusqu'à 964 €;;;;
4;;;Gynécomastie;Jusqu'à 2724 €;;;;
4;;;Labiaplastie;Jusqu'à 1077 €;;;;
4;;;Liposuccion;Jusqu'à 1148 €;;;;
4;;;Liposuccion des bras;Jusqu'à 2015 €;;;;
4;;;Liposuccion du dos;Jusqu'à 2015 €;;;;
4;;;Liposuccion des genoux;Jusqu'à 1025 €;;;;
4;;;Liposuccion des cuisses;Jusqu'à 2251 €;;;;
4;;;Mommy Makeover;Jusqu'à 6438 €;;;;
4;;;Lifting du cou;Jusqu'à 2899 €;;;;
4;;;Rhinoplastie;Jusqu'à 3416 €;;;;
4;;;Lifting des cuisses;Jusqu'à 3302 €;;;;
4;;;Abdominoplastie;Jusqu'à 4371 €;;;;
4;;;Abdominoplastie complète;Jusqu'à 4371 €;;;;
4;;;Mini-abdominoplastie;Jusqu'à 3845 €;;;;
8;;;Lifting brésilien BBL;à parti de 4380 €;;;;
8;;;Lifting du corps;à parti de 3066 €;;;;
8;;;Bodylift supérieur;à parti de 3066 €;;;;
8;;;Révision d'implants mammaires;à parti de 4205 €;;;;
8;;;Augmentation mammaire;à parti de 4205 €;;;;
8;;;Lifting mammaire;à parti de 4205 €;;;;
8;;;Reconstruction mammaire;à parti de 4205 €;;;;
8;;;Réduction mammaire;à parti de 4205 €;;;;
8;;;Lifting des fesses;à parti de 4380 €;;;;
8;;;Liposuccion des fesses;à parti de 4380 €;;;;
8;;;Implants de mollets;à parti de 3066 €;;;;
8;;;Blépharoplastie;à parti de 1314 €;;;;
8;;;Lifting du visage;à parti de 5694 €;;;;
8;;;Mini lifting du visage;à parti de 5694 €;;;;
8;;;Lipofilling;à parti de 2322 €;;;;
8;;;Gynécomastie;à parti de 2322 €;;;;
8;;;Liposuccion;à parti de 2322 €;;;;
8;;;Liposuccion des bras;à parti de 1752 €;;;;
8;;;Mommy Makeover;à parti de 4205 €;;;;
8;;;Lifting du cou;à parti de 5694 €;;;;
8;;;Rhinoplastie;à parti de 3942 €;;;;
8;;;Abdominoplastie complète;à parti de 5694 €;;;;
8;;;Lipoabdominoplastie;à parti de 5694 €;;;;
8;;;Mini-abdominoplastie;à parti de 5694 €;;;;
8;;;Liposuccion Vaser;à parti de 1971 €;;;;
39;;;Lifting brésilien BBL;à parti de 3239 €;;;;
39;;;Augmentation mammaire;à parti de 2879 €;;;;
39;;;Lifting mammaire;à parti de 2639 €;;;;
39;;;Réduction mammaire;à parti de 2639 €;;;;
39;;;Blépharoplastie;à parti de 1859 €;;;;
39;;;Lipofilling;à parti de 3119 €;;;;
39;;;Gynécomastie;à parti de 2039 €;;;;
39;;;Liposuccion;à parti de 2279 €;;;;
39;;;Rhinoplastie;à parti de 2459 €;;;;
39;;;Abdominoplastie;à parti de 2879 €;;;;
26;;;Lifting brésilien BBL;à parti de 2450 €;;;;
26;;;Réduction mammaire;à parti de 2550 €;;;;
26;;;Lifting mammaire;à parti de 2600 €;;;;
26;;;Augmentation mammaire;à parti de 3200 €;;;;
26;;;Blépharoplastie;à parti de 1450 €;;;;
26;;;Lifting du visage;à parti de 2200 €;;;;
26;;;Lipofilling;à parti de 1200 €;;;;
26;;;Gynécomastie;à parti de 1550 €;;;;
26;;;Liposuccion;à parti de 1550 €;;;;
26;;;Otoplastie;à parti de 1450 €;;;;
26;;;Rhinoplastie;à parti de 2450 €;;;;
26;;;Abdominoplastie;à parti de 2800 €;;;;
26;;;Ballon gastrique;à parti de 2300 €;;;;
26;;;Bypass gastrique;à parti de 2750 €;;;;
26;;;Sleeve gastrectomie;à parti de 2500 €;;;;
11;;;Lifting des bras;à parti de 2000 €;;;;
11;;;Augmentation mammaire;à parti de 2500 €;;;;
11;;;Lifting mammaire;à parti de 2500 €;;;;
11;;;Réduction mammaire;à parti de 2500 €;;;;
11;;;Augmentation des fesses par prothèses;à parti de 4500 €;;;;
11;;;Lifting des fesses;à parti de 3000 €;;;;
11;;;Implants de mollets;à parti de 4500 €;;;;
11;;;Blépharoplastie;à parti de 1000 €;;;;
11;;;Lifting du visage;à parti de 4000 €;;;;
11;;;Lipofilling;à parti de 2500 €;;;;
11;;;Labiaplastie;à parti de 1500 €;;;;
11;;;Gynécomastie;à parti de 1500 €;;;;
11;;;Liposuccion;à parti de 1500 €;;;;
11;;;Otoplastie;à parti de 1500 €;;;;
11;;;Rhinoplastie;à parti de 3000 €;;;;
11;;;Rhinoplastie fermée;à parti de 2500 €;;;;
11;;;Abdominoplastie;à parti de 4000 €;;;;
11;;;Abdominoplastie complète;à parti de 4000 €;;;;
11;;;Vaginoplastie;à parti de 2000 €;;;;
11;;;Septoplastie;à parti de 2200 €;;;;
18;;;Augmentation mammaire;à parti de 3300 €;;;;
18;;;Lifting mammaire;à parti de 3600 €;;;;
18;;;Réduction mammaire;à parti de 3600 €;;;;
18;;;Blépharoplastie;à parti de 1650 €;;;;
18;;;Lifting du visage;à parti de 4100 €;;;;
18;;;Gynécomastie;à parti de 2500 €;;;;
18;;;Labiaplastie;à parti de 1650 €;;;;
18;;;Liposuccion;à parti de 1950 €;;;;
18;;;Lifting du cou;à parti de 4100 €;;;;
18;;;Otoplastie;à parti de 2450 €;;;;
18;;;Rhinoplastie;à parti de 3200 €;;;;
18;;;Abdominoplastie;à parti de 4900 €;;;;
18;;;Augmentation du menton;à parti de 575 €;;;;
18;;;Comblement dermique;à parti de 500 €;;;;
18;;;Augmentation des lèvres;à parti de 500 €;;;;
18;;;Mésothérapie;à parti de 500 €;;;;
18;;;Liposuccion Vaser;à parti de 2900 €;;;;
19;;;Augmentation mammaire;à parti de 1600 €;;;;
19;;;Blépharoplastie;à parti de 1200 €;;;;
19;;;Lipofilling;à parti de 2000 €;;;;
19;;;Gynécomastie;à parti de 1900 €;;;;
19;;;Hyménoplastie;à parti de 1500 €;;;;
19;;;Labiaplastie;à parti de 1800 €;;;;
19;;;Liposuccion;à parti de 2000 €;;;;
19;;;Mommy Makeover;à parti de 3500 €;;;;
19;;;Lifting du cou;à parti de 2200 €;;;;
19;;;Rhinoplastie fermée;à parti de 1800 €;;;;
19;;;Rhinoplastie ouverte;à parti de 2000 €;;;;
19;;;Abdominoplastie complète;à parti de 2500 €;;;;
19;;;Mini-abdominoplastie;à parti de 2000 €;;;;
19;;;Vaginoplastie;à parti de 1600 €;;;;
19;;;Liposuccion Vaser;à parti de 1500 €;;;;
19;;;Sleeve gastrectomie;à parti de 6000 €;;;;
19;;;Remplacement de la hanche;à parti de 8000 €;;;;
19;;;Remplacement du genou;à parti de 6000 €;;;;
24;;;Lifting des bras;à parti de 3234 €;;;;
24;;;Augmentation mammaire;à parti de 3115 €;;;;
24;;;Reconstruction mammaire;à parti de 3115 €;;;;
24;;;Réduction mammaire;à parti de 3234 €;;;;
24;;;Augmentation des fesses par prothèses;à parti de 2396 €;;;;
24;;;Blépharoplastie;à parti de 1797 €;;;;
24;;;Lipofilling;à parti de 1797 €;;;;
24;;;Gynécomastie;à parti de 3115 €;;;;
24;;;Labiaplastie;à parti de 2995 €;;;;
24;;;Liposuccion;à parti de 1198 €;;;;
24;;;Otoplastie;à parti de 2516 €;;;;
24;;;Lifting des cuisses;à parti de 3234 €;;;;
24;;;Abdominoplastie complète;à parti de 3354 €;;;;
24;;;Mini-abdominoplastie;à parti de 2875 €;;;;
24;;;Mésothérapie;à parti de 359 €;;;;
24;;;Traitement de cicatrice;à parti de 1198 €;;;;
31;;;Lifting des bras;à parti de 2800 €;;;;
31;;;Lifting du corps;à parti de 4000 €;;;;
31;;;Lifting mammaire;à parti de 2600 €;;;;
31;;;Blépharoplastie;à parti de 1750 €;;;;
31;;;Gynécomastie;à parti de 2000 €;;;;
31;;;Labiaplastie;à parti de 1750 €;;;;
31;;;Liposuccion;à parti de 1500 €;;;;
31;;;Liposuccion du cou;à parti de 1500 €;;;;
31;;;Lifting du cou;à parti de 2500 €;;;;
31;;;Otoplastie;à parti de 2000 €;;;;
31;;;Abdominoplastie;à parti de 2600 €;;;;
31;;;Lipolyse laser;à parti de 2000 €;;;;
12;;;Lifting des bras;à parti de 1101 €;;;;
12;;;Augmentation mammaire;à parti de 1295 €;;;;
12;;;Réduction mammaire;à parti de 1036 €;;;;
12;;;Lifting mammaire;à parti de 1036 €;;;;
12;;;Lifting des fesses;à parti de 1813 €;;;;
12;;;Blépharoplastie;à parti de 907 €;;;;
12;;;Blépharoplastie;à parti de 1425 €;;;;
12;;;Lifting du visage;à parti de 1231 €;;;;
12;;;Labiaplastie;à parti de 971 €;;;;
12;;;Gynécomastie;à parti de 971 €;;;;
12;;;Hyménoplastie;à parti de 615 €;;;;
12;;;Labiaplastie;à parti de 648 €;;;;
12;;;Liposuccion;à parti de 1166 €;;;;
12;;;Otoplastie;à parti de 971 €;;;;
12;;;Rhinoplastie;à parti de 971 €;;;;
12;;;Lifting des cuisses;à parti de 1101 €;;;;
12;;;Abdominoplastie;à parti de 1360 €;;;;
12;;;Vaginoplastie;à parti de 971 €;;;;
12;;;Ballon gastrique;à parti de 1198 €;;;;
12;;;Bypass gastrique;à parti de 1846 €;;;;
12;;;Sleeve gastrectomie;à parti de 1684 €;;;;
40;;;Réduction mammaire;à parti de 2700 €;;;;
40;;;Blépharoplastie;à parti de 2200 €;;;;
40;;;Lifting des yeux;à parti de 1400 €;;;;
40;;;Lifting du visage;à parti de 3200 €;;;;
40;;;Otoplastie;à parti de 2200 €;;;;
40;;;Rhinoplastie;à parti de 2200 €;;;;
40;;;Lifting des cuisses;à parti de 3200 €;;;;
40;;;Abdominoplastie;à parti de 2900 €;;;;
40;;;Vaginoplastie;à parti de 2500 €;;;;
40;;;Sleeve gastrectomie;à parti de 3500 €;;;;
9;;;Lifting des bras;à parti de 3290 €;;;;
9;;;Mommy Makeover;à parti de 15900 €;;;;
9;;;Révision d'implants mammaires;à parti de 4490 €;;;;
9;;;Augmentation mammaire;à parti de 3490 €;;;;
9;;;Lifting mammaire;à parti de 3990 €;;;;
9;;;Réduction mammaire;à parti de 6990 €;;;;
9;;;Blépharoplastie;à parti de 2490 €;;;;
9;;;Blépharoplastie;à parti de 1990 €;;;;
9;;;Blépharoplastie;à parti de 3990 €;;;;
9;;;Blépharoplastie;à parti de 2990 €;;;;
9;;;Blépharoplastie;à parti de 3490 €;;;;
9;;;Blépharoplastie;à parti de 4990 €;;;;
9;;;Lifting du visage;à parti de 5990 €;;;;
9;;;Lipofilling du visage;à parti de 2590 €;;;;
9;;;Réduction des lèvres;à parti de 1990 €;;;;
9;;;Liposuccion;à parti de 1990 €;;;;
9;;;Liposuccion;à parti de 990 €;;;;
9;;;Lifting du cou;à parti de 5990 €;;;;
9;;;Rhinoplastie;à parti de 3490 €;;;;
9;;;Mini-abdominoplastie;à parti de 3590 €;;;;
9;;;Abdominoplastie;à parti de 4490 €;;;;
9;;;Vaginoplastie;à parti de 2290 €;;;;
9;;;Labiaplastie;à parti de 1790 €;;;;
9;;;Doigt à ressaut;à parti de 1800 €;;;;
25;;;Révision d'implants mammaires;à parti de 4000 €;;;;
25;;;Augmentation mammaire;à parti de 3500 €;;;;
25;;;Lifting mammaire;à parti de 3500 €;;;;
25;;;Reconstruction mammaire;à parti de 3500 €;;;;
25;;;Réduction mammaire;à parti de 3500 €;;;;
25;;;Augmentation des fesses par prothèses;à parti de 4500 €;;;;
25;;;Augmentation du menton;à parti de 1900 €;;;;
25;;;Blépharoplastie;à parti de 1500 €;;;;
25;;;Lifting endoscopique du visage;à parti de 4500 €;;;;
25;;;Labiaplastie;à parti de 4000 €;;;;
25;;;Gynécomastie;à parti de 3000 €;;;;
25;;;Labiaplastie;à parti de 2000 €;;;;
25;;;Rhinoplastie;à parti de 3200 €;;;;
25;;;Abdominoplastie complète;à parti de 4500 €;;;;
25;;;Vaginoplastie;à parti de 2000 €;;;;
25;;;Liposuccion Vaser;à parti de 3000 €;;;;
33;;;Augmentation mammaire;à parti de 2388 €;;;;
33;;;Réduction mammaire;à parti de 2687 €;;;;
33;;;Blépharoplastie;à parti de 1642 €;;;;
33;;;Lifting endoscopique du visage;à parti de 2845 €;;;;
33;;;Liposuccion;à parti de 896 €;;;;
33;;;Rhinoplastie;à parti de 2090 €;;;;
33;;;Lifting des cuisses;à parti de 2538 €;;;;
33;;;Abdominoplastie;à parti de 2687 €;;;;
33;;;Ballon gastrique;à parti de 2388 €;;;;
33;;;Anneau gastrique;à parti de 2986 €;;;;
33;;;Bypass gastrique;à parti de 8000 €;;;;
33;;;Sleeve gastrectomie;à parti de 8400 €;;;;
35;;;Augmentation mammaire;à parti de 3500 €;;;;
35;;;Lifting du visage;à parti de 4300 €;;;;
35;;;Jawline contouring;à parti de 800 €;;;;
35;;;Liposuccion;à parti de 3500 €;;;;
35;;;Rhinoplastie;à parti de 2900 €;;;;
35;;;Abdominoplastie;à parti de 3500 €;;;;
35;;;Vaginoplastie;à parti de 2000 €;;;;
35;;;Comblement dermique;à parti de 300 €;;;;
35;;;Mésothérapie;à parti de 300 €;;;;
35;;;Bypass gastrique;à parti de 2800 €;;;;
35;;;Sleeve gastrectomie;à parti de 2500 €;;;;
15;;;Abdominal Etching;à parti de 1927 €;;;;
15;;;Lifting des bras;à parti de 1139 €;;;;
15;;;Lifting brésilien BBL;à parti de 1927 €;;;;
15;;;Lifting du corps;à parti de 7008 €;;;;
15;;;Révision d'implants mammaires;à parti de 1226 €;;;;
15;;;Augmentation mammaire;à parti de 2628 €;;;;
15;;;Lifting mammaire;à parti de 1139 €;;;;
15;;;Reconstruction mammaire;à parti de 1139 €;;;;
15;;;Réduction mammaire;à parti de 1139 €;;;;
15;;;Lifting des sourcils;à parti de 788 €;;;;
15;;;Lifting des fesses;à parti de 1927 €;;;;
15;;;Blépharoplastie;à parti de 1139 €;;;;
15;;;Lifting du visage;à parti de 1577 €;;;;
15;;;Gynécomastie;à parti de 1577 €;;;;
15;;;Liposuccion;à parti de 1489 €;;;;
15;;;Otoplastie;à parti de 1139 €;;;;
15;;;Rhinoplastie;à parti de 1139 €;;;;
15;;;Abdominoplastie;à parti de 3504 €;;;;
15;;;Ballon gastrique;à parti de 3504 €;;;;
1;;;Abdominal Etching;à parti de 65 €;;;;
1;;;Réduction de l'aréole;à parti de 194 €;;;;
1;;;Lifting des bras;à parti de 970 €;;;;
1;;;Lifting brésilien BBL;à parti de 1940 €;;;;
1;;;Ombilicoplastie;à parti de 647 €;;;;
1;;;Lifting du corps;à parti de 3880 €;;;;
1;;;Lifting du corps;à parti de 5173 €;;;;
1;;;Bodylift inférieur;à parti de 3233 €;;;;
1;;;Bodylift supérieur;à parti de 3233 €;;;;
1;;;Lifting du dos;à parti de 1616 €;;;;
1;;;Révision d'implants mammaires;à parti de 2263 €;;;;
1;;;Augmentation mammaire;à parti de 1293 €;;;;
1;;;Lifting mammaire;à parti de 1616 €;;;;
1;;;Reconstruction mammaire;à parti de 1940 €;;;;
1;;;Réduction mammaire;à parti de 1293 €;;;;
1;;;Lifting des sourcils;à parti de 129 €;;;;
1;;;Réduction des Boules de Bichat;à parti de 1940 €;;;;
1;;;Liposuccion de la bosse du bison;à parti de 1293 €;;;;
1;;;Augmentation des fesses par prothèses;à parti de 2263 €;;;;
1;;;Lifting des fesses;à parti de 1940 €;;;;
1;;;Liposuccion des fesses;à parti de 1616 €;;;;
1;;;Implants de mollets;à parti de 1940 €;;;;
1;;;Augmentation des pommettes;à parti de 1616 €;;;;
1;;;Augmentation du menton;à parti de 970 €;;;;
1;;;Création de fossettes;à parti de 1293 €;;;;
1;;;Blépharoplastie;à parti de 970 €;;;;
1;;;Blépharoplastie asiatique;à parti de 1293 €;;;;
1;;;Blépharoplastie;à parti de 1616 €;;;;
1;;;Lifting des yeux;à parti de 1293 €;;;;
1;;;Lifting du visage;à parti de 1940 €;;;;
1;;;Lifting endoscopique du visage;à parti de 1940 €;;;;
1;;;Mini lifting du visage;à parti de 1616 €;;;;
1;;;Lipofilling;à parti de 970 €;;;;
1;;;Labiaplastie;à parti de 970 €;;;;
1;;;Gynécomastie;à parti de 1293 €;;;;
1;;;Hyménoplastie;à parti de 1810 €;;;;
1;;;Mamelon ombiliqué;à parti de 1099 €;;;;
1;;;Jawline contouring;à parti de 1940 €;;;;
1;;;Laser de réjuvénation vaginale;à parti de 970 €;;;;
1;;;Réduction des lèvres;à parti de 970 €;;;;
1;;;Liposuccion;à parti de 970 €;;;;
1;;;Liposuccion des bras;à parti de 1616 €;;;;
1;;;Liposuccion du dos;à parti de 970 €;;;;
1;;;Liposuccion assistée par jet d'eau;à parti de 1293 €;;;;
1;;;Liposuccion mammaire;à parti de 1293 €;;;;
1;;;Liposuccion des genoux;à parti de 970 €;;;;
1;;;Lipolyse laser;à parti de 970 €;;;;
1;;;Liposuccion du cou;à parti de 647 €;;;;
1;;;Liposuccion des cuisses;à parti de 1293 €;;;;
1;;;Liposuccion tumescente;à parti de 1616 €;;;;
1;;;Mommy Makeover;à parti de 2586 €;;;;
1;;;Lifting du cou;à parti de 1099 €;;;;
1;;;Réduction des mamelons;à parti de 1293 €;;;;
1;;;Otoplastie;à parti de 970 €;;;;
1;;;Augmentation des pectoraux;à parti de 1616 €;;;;
1;;;Rhinoplastie;à parti de 1423 €;;;;
1;;;Rhinoplastie narines;à parti de 1293 €;;;;
1;;;Rhinoplastie fermée;à parti de 1293 €;;;;
1;;;Rhinoplastie;à parti de 1293 €;;;;
1;;;Rhinoplastie ouverte;à parti de 1293 €;;;;
1;;;Lifting des cuisses;à parti de 1293 €;;;;
1;;;Abdominoplastie;à parti de 1940 €;;;;
1;;;Abdominoplastie complète;à parti de 29097 €;;;;
1;;;Lipoabdominoplastie;à parti de 1940 €;;;;
1;;;Mini-abdominoplastie;à parti de 1293 €;;;;
1;;;Vaginoplastie;à parti de 517 €;;;;
1;;;Traitement de cicatrice;à parti de 776 €;;;;
1;;;Liposuccion Vaser;à parti de 970 €;;;;
1;;;Abaissement de la ligne frontale;à parti de 776 €;;;;
1;;;Septoplastie;à parti de 647 €;;;;
34;;;Lifting brésilien BBL;à parti de 4193 €;;;;
34;;;Révision d'implants mammaires;à parti de 3833 €;;;;
34;;;Augmentation mammaire;à parti de 3115 €;;;;
34;;;Lifting mammaire;à parti de 2396 €;;;;
34;;;Réduction mammaire;à parti de 2516 €;;;;
34;;;Lifting du visage;à parti de 2635 €;;;;
34;;;Mini lifting du visage;à parti de 2635 €;;;;
34;;;Mommy Makeover;à parti de 5391 €;;;;
34;;;Lifting du cou;à parti de 2755 €;;;;
34;;;Abdominoplastie;à parti de 2755 €;;;;
34;;;Mini-abdominoplastie;à parti de 1917 €;;;;
34;;;Liposuccion Vaser;à parti de 2036 €;;;;
20;;;Lifting des bras;à parti de 1752 €;;;;
20;;;Augmentation mammaire;à parti de 2365 €;;;;
20;;;Lifting mammaire;à parti de 2365 €;;;;
20;;;Réduction mammaire;à parti de 2453 €;;;;
20;;;Lifting du front;à parti de 1992 €;;;;
20;;;Augmentation des fesses par prothèses;à parti de 3127 €;;;;
20;;;Blépharoplastie;à parti de 1506 €;;;;
20;;;Lifting du visage;à parti de 3066 €;;;;
20;;;Lipofilling;à parti de 2453 €;;;;
20;;;Gynécomastie;à parti de 1752 €;;;;
20;;;Labiaplastie;à parti de 1752 €;;;;
20;;;Liposuccion;à parti de 1752 €;;;;
20;;;Otoplastie;à parti de 1577 €;;;;
20;;;Rhinoplastie;à parti de 2453 €;;;;
20;;;Lifting des cuisses;à parti de 2628 €;;;;
20;;;Abdominoplastie;à parti de 2628 €;;;;
22;;;Lifting du corps;à parti de 4000 €;;;;
22;;;Augmentation mammaire;à parti de 2800 €;;;;
22;;;Réduction mammaire;à parti de 2600 €;;;;
22;;;Lifting des sourcils;à parti de 1300 €;;;;
22;;;Lifting des fesses;à parti de 3900 €;;;;
22;;;Création de fossettes;à parti de 1000 €;;;;
22;;;Blépharoplastie;à parti de 2200 €;;;;
22;;;Lifting du visage;à parti de 2500 €;;;;
22;;;Lipofilling;à parti de 1800 €;;;;
22;;;Gynécomastie;à parti de 2000 €;;;;
22;;;Labiaplastie;à parti de 1600 €;;;;
22;;;Laser de réjuvénation vaginale;à parti de 1900 €;;;;
22;;;Liposuccion;à parti de 1000 €;;;;
22;;;Mommy Makeover;à parti de 4000 €;;;;
22;;;Rhinoplastie fermée;à parti de 3000 €;;;;
22;;;Rhinoplastie ouverte;à parti de 3200 €;;;;
22;;;Abdominoplastie;à parti de 3400 €;;;;
16;;;Lifting des bras;à parti de 3474 €;;;;
16;;;Augmentation mammaire;à parti de 3833 €;;;;
16;;;Augmentation mammaire;à parti de 3115 €;;;;
16;;;Lifting mammaire;à parti de 4073 €;;;;
16;;;Réduction mammaire;à parti de 4073 €;;;;
16;;;Augmentation des fesses par prothèses;à parti de 3833 €;;;;
16;;;Lifting des fesses;à parti de 2336 €;;;;
16;;;Liposuccion des fesses;à parti de 2336 €;;;;
16;;;Implants de mollets;à parti de 2336 €;;;;
16;;;Augmentation des pommettes;à parti de 2336 €;;;;
16;;;Lifting du visage;à parti de 2396 €;;;;
16;;;Lifting endoscopique du visage;à parti de 6469 €;;;;
16;;;Liposuccion;à parti de 2336 €;;;;
16;;;Lipolyse laser;à parti de 2336 €;;;;
16;;;Lipolyse laser SlimLipo;à parti de 3234 €;;;;
16;;;Lipolyse laser SlimLipo;à parti de 3474 €;;;;
16;;;Rhinoplastie;à parti de 3474 €;;;;
16;;;Lifting des cuisses;à parti de 3474 €;;;;
16;;;Abdominoplastie;à parti de 3953 €;;;;
32;;;Révision d'implants mammaires;à parti de 1521 €;;;;
32;;;Augmentation mammaire;à parti de 2815 €;;;;
32;;;Lifting mammaire;à parti de 2216 €;;;;
32;;;Réduction mammaire;à parti de 2540 €;;;;
32;;;Lifting des sourcils;à parti de 1881 €;;;;
32;;;Augmentation des fesses par prothèses;à parti de 2827 €;;;;
32;;;Lifting des fesses;à parti de 2839 €;;;;
32;;;Blépharoplastie;à parti de 1521 €;;;;
32;;;Gynécomastie;à parti de 2036 €;;;;
32;;;Liposuccion;à parti de 2294 €;;;;
32;;;Liposuccion;à parti de 2120 €;;;;
32;;;Otoplastie;à parti de 1941 €;;;;
14;;;Abdominal Etching;à parti de 1200 €;;;;
14;;;Révision d'implants mammaires;à parti de 1385 €;;;;
14;;;Augmentation mammaire;à parti de 2860 €;;;;
14;;;Lifting mammaire;à parti de 2480 €;;;;
14;;;Reconstruction mammaire;à parti de 2800 €;;;;
14;;;Réduction mammaire;à parti de 2810 €;;;;
14;;;Augmentation des fesses par prothèses;à parti de 2440 €;;;;
14;;;Lifting des fesses;à parti de 2440 €;;;;
14;;;Blépharoplastie;à parti de 955 €;;;;
14;;;Lifting du visage;à parti de 2885 €;;;;
14;;;Lipofilling;à parti de 1160 €;;;;
14;;;Gynécomastie;à parti de 1645 €;;;;
14;;;Liposuccion;à parti de 1880 €;;;;
14;;;Lifting du cou;à parti de 2665 €;;;;
14;;;Réduction des mamelons;à parti de 1570 €;;;;
14;;;Otoplastie;à parti de 765 €;;;;
14;;;Rhinoplastie;à parti de 2335 €;;;;
14;;;Rhinoplastie;à parti de 1880 €;;;;
14;;;Abdominoplastie;à parti de 2190 €;;;;
14;;;Septoplastie;à parti de 2185 €;;;;
7;;;Lifting des bras;à parti de 1797 €;;;;
7;;;Révision d'implants mammaires;à parti de 2995 €;;;;
7;;;Augmentation mammaire;à parti de 2995 €;;;;
7;;;Lifting mammaire;à parti de 2995 €;;;;
7;;;Réduction mammaire;à parti de 2995 €;;;;
7;;;Lifting des sourcils;à parti de 1198 €;;;;
7;;;Réduction des Boules de Bichat;à parti de 1198 €;;;;
7;;;Lifting des fesses;à parti de 4193 €;;;;
7;;;Augmentation du menton;à parti de 1797 €;;;;
7;;;Blépharoplastie;à parti de 1198 €;;;;
7;;;Lifting du visage;à parti de 2995 €;;;;
7;;;Lipofilling;à parti de 1198 €;;;;
7;;;Gynécomastie;à parti de 1797 €;;;;
7;;;Mamelon ombiliqué;à parti de 1198 €;;;;
7;;;Labiaplastie;à parti de 1797 €;;;;
7;;;Liposuccion;à parti de 1797 €;;;;
7;;;Lifting du cou;à parti de 2995 €;;;;
7;;;Otoplastie;à parti de 1797 €;;;;
7;;;Rhinoplastie;à parti de 2396 €;;;;
7;;;Lifting des cuisses;à parti de 2995 €;;;;
7;;;Abdominoplastie;à parti de 2995 €;;;;
7;;;Abdominoplastie complète;à parti de 2995 €;;;;
7;;;Mini-abdominoplastie;à parti de 1198 €;;;;
7;;;Vaginoplastie;à parti de 1437 €;;;;
7;;;Comblement dermique;à parti de 240 €;;;;
7;;;Lipolyse laser;à parti de 1797 €;;;;
7;;;Augmentation des lèvres;à parti de 240 €;;;;
7;;;Traitement de cicatrice;à parti de 479 €;;;;
41;;;Lifting des bras;à parti de 2457 €;;;;
41;;;Augmentation mammaire;à parti de 2780 €;;;;
41;;;Lifting mammaire;à parti de 2586 €;;;;
41;;;Réduction mammaire;à parti de 2780 €;;;;
41;;;Blépharoplastie;à parti de 2134 €;;;;
41;;;Laser de réjuvénation vaginale;à parti de 1875 €;;;;
41;;;Augmentation du menton;à parti de 1875 €;;;;
41;;;Augmentation des pommettes;à parti de 2134 €;;;;
41;;;Augmentation du menton;à parti de 2134 €;;;;
41;;;Comblement dermique;à parti de 259 €;;;;
42;;;Lifting des bras;à parti de 4380 €;;;;
42;;;Augmentation mammaire;à parti de 4467 €;;;;
42;;;Lifting mammaire;à parti de 4818 €;;;;
42;;;Réduction mammaire;à parti de 4818 €;;;;
42;;;Augmentation des fesses par prothèses;à parti de 6482 €;;;;
42;;;Lifting endoscopique du visage;à parti de 6789 €;;;;
42;;;Gynécomastie;à parti de 3942 €;;;;
42;;;Laser de réjuvénation vaginale;à parti de 6789 €;;;;
42;;;Lifting des cuisses;à parti de 4380 €;;;;
42;;;Liposuccion Vaser;à parti de 4599 €;;;;
21;;;Lifting des bras;à parti de 1402 €;;;;
21;;;Révision d'implants mammaires;à parti de 2003 €;;;;
21;;;Augmentation mammaire;à parti de 1603 €;;;;
21;;;Lifting mammaire;à parti de 1603 €;;;;
21;;;Réduction mammaire;à parti de 1603 €;;;;
21;;;Augmentation du menton;à parti de 1603 €;;;;
21;;;Blépharoplastie;à parti de 601 €;;;;
21;;;Lifting du visage;à parti de 3005 €;;;;
21;;;Mini lifting du visage;à parti de 2003 €;;;;
21;;;Labiaplastie;à parti de 1002 €;;;;
21;;;Lifting du cou;à parti de 1603 €;;;;
21;;;Rhinoplastie;à parti de 1503 €;;;;
21;;;Lifting des cuisses;à parti de 2003 €;;;;
21;;;Abdominoplastie;à parti de 2003 €;;;;
21;;;Vaginoplastie;à parti de 1002 €;;;;
21;;;Lifting du visage par fils tenseurs;à parti de 1000 €;;;;
21;;;Liposuccion Vaser;à parti de 1500 €;;;;
13;;;Lifting des bras;à parti de 2900 €;;;;
13;;;Lifting mammaire;à parti de 2450 €;;;;
13;;;Réduction mammaire;à parti de 2900 €;;;;
13;;;Lifting brésilien BBL;à parti de 2750 €;;;;
13;;;Lifting du visage;à parti de 4000 €;;;;
13;;;Lipofilling du visage;à parti de 2000 €;;;;
13;;;Gynécomastie;à parti de 2000 €;;;;
13;;;Labiaplastie;à parti de 1300 €;;;;
13;;;Rhinoplastie;à parti de 2000 €;;;;
13;;;Lifting des cuisses;à parti de 2900 €;;;;
13;;;Abdominoplastie complète;à parti de 2900 €;;;;
13;;;Lipoabdominoplastie;à parti de 4000 €;;;;
13;;;Mini-abdominoplastie;à parti de 2300 €;;;;
13;;;Otoplastie;à parti de 1600 €;;;;
13;;;Vaginoplastie;à parti de 1900 €;;;;
13;;;Augmentation du menton;à parti de 2000 €;;;;
13;;;Augmentation des lèvres;à parti de 2000 €;;;;
13;;;Implants de mollets;à parti de 2750 €;;;;
13;;;Rhinoplastie;à parti de 3150 €;;;;
13;;;Lifting du cou;à parti de 2000 €;;;;
13;;;Mésothérapie;à parti de 150 €;;;;
29;;;Augmentation mammaire;à parti de 3500 €;;;;
29;;;Lifting mammaire;à parti de 3000 €;;;;
29;;;Réduction mammaire;à parti de 4000 €;;;;
29;;;Lifting des sourcils;à parti de 2500 €;;;;
29;;;Blépharoplastie;à parti de 1500 €;;;;
29;;;Lifting du visage;à parti de 4500 €;;;;
29;;;Lipofilling;à parti de 2000 €;;;;
29;;;Gynécomastie;à parti de 1800 €;;;;
29;;;Liposuccion;à parti de 2500 €;;;;
29;;;Otoplastie;à parti de 1500 €;;;;
29;;;Rhinoplastie;à parti de 2500 €;;;;
29;;;Abdominoplastie;à parti de 4500 €;;;;
29;;;Comblement dermique;à parti de 400 €;;;;
29;;;Liposuccion Vaser;à parti de 2500 €;;;;
36;;;Augmentation mammaire;à parti de 453 €;;;;
36;;;Blépharoplastie;à parti de 446 €;;;;
36;;;Gynécomastie;à parti de 388 €;;;;
36;;;Labiaplastie;à parti de 323 €;;;;
36;;;Liposuccion;à parti de 679 €;;;;
36;;;Otoplastie;à parti de 453 €;;;;
36;;;Rhinoplastie;à parti de 569 €;;;;
36;;;Abdominoplastie;à parti de 550 €;;;;
36;;;Vaginoplastie;à parti de 388 €;;;;
36;;;Comblement dermique;à parti de 78 €;;;;
36;;;Ultherapy;à parti de 259 €;;;;
37;;;Augmentation mammaire;à parti de 453 €;;;;
37;;;Blépharoplastie;à parti de 446 €;;;;
37;;;Gynécomastie;à parti de 388 €;;;;
37;;;Labiaplastie;à parti de 323 €;;;;
37;;;Liposuccion;à parti de 679 €;;;;
37;;;Otoplastie;à parti de 453 €;;;;
37;;;Rhinoplastie;à parti de 569 €;;;;
37;;;Abdominoplastie;à parti de 550 €;;;;
37;;;Vaginoplastie;à parti de 388 €;;;;
37;;;Comblement dermique;à parti de 78 €;;;;
37;;;Ultherapy;à parti de 259 €;;;;
10;;;Abdominal Etching;à parti de 2500 €;;;;
10;;;Lifting des bras;à parti de 1500 €;;;;
10;;;Ombilicoplastie;à parti de 2750 €;;;;
10;;;Lifting du corps;à parti de 3000 €;;;;
10;;;Révision d'implants mammaires;à parti de 2000 €;;;;
10;;;Augmentation mammaire;à parti de 2500 €;;;;
10;;;Lifting mammaire;à parti de 2500 €;;;;
10;;;Reconstruction mammaire;à parti de 2500 €;;;;
10;;;Réduction mammaire;à parti de 2500 €;;;;
10;;;Lifting des sourcils;à parti de 2000 €;;;;
10;;;Réduction des Boules de Bichat;à parti de 1500 €;;;;
10;;;Lifting des fesses;à parti de 2500 €;;;;
10;;;Liposuccion des fesses;à parti de 3000 €;;;;
10;;;Implants de mollets;à parti de 2500 €;;;;
10;;;Lifting du visage;à parti de 3000 €;;;;
10;;;Lipofilling;à parti de 2500 €;;;;
10;;;Gynécomastie;à parti de 1800 €;;;;
10;;;Labiaplastie;à parti de 1500 €;;;;
10;;;Liposuccion;à parti de 1500 €;;;;
10;;;Rhinoplastie;à parti de 2000 €;;;;
10;;;Lifting des cuisses;à parti de 2500 €;;;;
10;;;Abdominoplastie;à parti de 2500 €;;;;
10;;;Mini-abdominoplastie;à parti de 2500 €;;;;
43;;;Révision d'implants mammaires;à parti de 2650 €;;;;
43;;;Augmentation mammaire;à parti de 2150 €;;;;
43;;;Lifting mammaire;à parti de 2050 €;;;;
43;;;Réduction mammaire;à parti de 2050 €;;;;
43;;;Lifting des fesses;à parti de 2250 €;;;;
43;;;Lifting du visage;à parti de 2050 €;;;;
43;;;Gynécomastie;à parti de 1750 €;;;;
43;;;Liposuccion;à parti de 1750 €;;;;
43;;;Rhinoplastie;à parti de 1850 €;;;;
43;;;Abdominoplastie;à parti de 2050 €;;;;
6;;;Abdominal Etching;à parti de 2750 €;;;;
6;;;Lifting des bras;à parti de 2200 €;;;;
6;;;Ombilicoplastie;à parti de 950 €;;;;
6;;;Lifting du corps;à parti de 4900 €;;;;
6;;;Bodylift inférieur;à parti de 4900 €;;;;
6;;;Bodylift supérieur;à parti de 4900 €;;;;
6;;;Révision d'implants mammaires;à parti de 2750 €;;;;
6;;;Augmentation mammaire;à parti de 3200 €;;;;
6;;;Lifting mammaire;à parti de 3200 €;;;;
6;;;Réduction mammaire;à parti de 3200 €;;;;
6;;;Lifting des sourcils;à parti de 1900 €;;;;
6;;;Réduction des Boules de Bichat;à parti de 1250 €;;;;
6;;;Augmentation des fesses par prothèses;à parti de 3950 €;;;;
6;;;Lifting des fesses;à parti de 3250 €;;;;
6;;;Liposuccion des fesses;à parti de 1900 €;;;;
6;;;Implants de mollets;à parti de 3100 €;;;;
6;;;Augmentation des pommettes;à parti de 3100 €;;;;
6;;;Augmentation du menton;à parti de 2700 €;;;;
6;;;Création de fossettes;à parti de 750 €;;;;
6;;;Blépharoplastie;à parti de 1900 €;;;;
6;;;Lifting du visage;à parti de 4400 €;;;;
6;;;Mini lifting du visage;à parti de 3300 €;;;;
6;;;Lifting brésilien BBL;à parti de 3650 €;;;;
6;;;Gynécomastie;à parti de 1900 €;;;;
6;;;Hyménoplastie;à parti de 2200 €;;;;
6;;;Mamelon ombiliqué;à parti de 950 €;;;;
6;;;Liposuccion;à parti de 1750 €;;;;
6;;;Réduction des mamelons;à parti de 1750 €;;;;
6;;;Otoplastie;à parti de 1850 €;;;;
6;;;Comblement dermique;à parti de 450 €;;;;
6;;;Liposuccion Vaser;à parti de 2200 €;;;;
6;;;Septoplastie;à parti de 2100 €;;;;
